ref06	descarga (10).mp4	1920,1080,30000/1001,64.426667,
ref07	descarga (9).mp4	1920,1080,30/1,60.586667,
ref08	descarga (8).mp4	1920,1080,30/1,20.053333,
ref09	descarga (7).mp4	1080,1920,30/1,28.416000,
ref10	descarga (6).mp4	1920,1080,60/1,15.061333,
ref11	descarga (5).mp4	1280,720,60/1,11.366667,
ref12	descarga (4).mp4	1920,1080,24000/1001,17.194667,
ref13	descarga (3).mp4	1344,768,24/1,15.168000,
ref14	descarga (2).mp4	1280,720,60/1,21.632000,
ref15	descarga (1).mp4	1920,1080,60/1,38.613333,
ref16	hyundai_#i10inside_(60sec_english_non-interactive_version) (720p).mp4	1280,720,25/1,60.053333,
ref17	film_brazil (720p).mp4	1280,720,2997/100,186.793333,
ref18	pnc_bank_-_'teamwork' (1080p).mp4	1920,1080,24/1,30.015000,
ref19	ceal__energy_integration (1080p).mp4	1920,480,24/1,94.583333,
ref20	volkswagen_-_think_blue_(sehsucht_hd_version) (1080p).mp4	1920,816,25/1,162.005000,
